filename,sha256
account_gender.csv,0f49b787879f147d74ebaa67e7a1f2dbae0465d6dd81a904b443d4afbfe3b098
sensitive_ads_preferences.csv,ec335b43a773b36c7ef43ee7ba4c7b65b33a2675a8d6f7ae2e752ccceb92b23d
approved_submitter_subreddits.csv,4d55769d93bc80aca6ff82fcb170b9fbc148f3178f7805e9c46cdaed88907410
chat_history.csv,637a5a4db94983cf34c59339e84eac9d5e4017bbb95f92156b8a81c9e18a9373
comment_headers.csv,e8cefa82a535910b6f8bc00b79cbaa35e2f5df38d4792b3d45e671b16d5e9135
comment_votes.csv,b9bce34fc4670c519051d26d5ffe94297d76f6436ba6ec30f197c7afc0d0cf18
comments.csv,7008409a79ac4beb06401b37f311154e23ea9fad9f3a82ca454063e19a30ea4b
drafts.csv,7e2f88186ae52f5166a680bf11b0212507b2e7abb86be80c720fd97f58efdfad
friends.csv,419156df88782a61047835629fae3b6f5d6df19ac2b93850d398191c3bbe3bc2
gilded_content.csv,6d8d1e40b307d00ead9abe3be44d2ba49b3b7ca9368e183da6358b777b36ad5a
gold_received.csv,f851d7ba4ad53e29621d09c961652c939d70f1f0f243f9f8419bd4deda2e79df
hidden_posts.csv,fe6437c6a0770bf807a74310b4dedf6cea2b8b9afdf2b3f363b169c8fde79dde
ip_logs.csv,b6d9750a7f82f52aeeb2809cb470969c499eee0199b6a140d068b4c77ff08783
linked_identities.csv,2271c87cb7673a27cdd053e242720cd1e14bffeba236e0abe8b412b89590ff4e
linked_phone_number.csv,bc3c167867a681229d216bc662b25e00bdad861c732e268c463492b742f0c855
message_headers.csv,388b9c2955aa338114e5cbbe95bd30ebe60cc5b5c8d6add4fc54c35e8a811e32
messages.csv,4a8e40234e6e5793d3c95c419890b8b3b0b57fc89585e7f31b2cfd5fd919288d
moderated_subreddits.csv,764e8616cb2af362ef8f5ea2e64caeb3847de290db55936b5f3f502f028c070b
multireddits.csv,ddcf8a4a546ee031f54b7236b48bfdf2790f8de7e3dfffc74dbf472de8d99cb1
payouts.csv,cc9a2017b12a179e48cf8af33143179a4b86a2ff4add628a59e84473d3dab77d
persona.csv,f5d482c6e6d2e740c8609f27ede50a826acfd955df0a9890e659548a3d958719
poll_votes.csv,e26bbacee45fb88e7736af36414e0e9970bf2c3722f179cf33491a36592fad4e
post_headers.csv,9e3dbd7310e9fa3491c79ed1873fca9eafdb43412858d415e79eb5972da27e78
post_votes.csv,8a1eaef99ea164a6c9607b8245d5cf5db4f0412b6edc55d35c995998e0afd326
posts.csv,ad2ba8a5b0c3a242b7dcbc28ca2b58b02f789ac0d1627592aac7c4861316dbbe
purchases.csv,91abd5007ef709aafdf83f0a42d5dab8fa0a0d29603f323b5b307e41e3c39d6c
saved_comments.csv,86044a5df2e4f791a52d9e0c1cc4acbc2404e023c314f2aa34433e5400acadf3
saved_posts.csv,86044a5df2e4f791a52d9e0c1cc4acbc2404e023c314f2aa34433e5400acadf3
scheduled_posts.csv,406212d18cadd34e88c63db0d2830f079f85616467f7ee80a5a6ddd0a632c548
statistics.csv,ac00aae6f7cab7302e523c49daf7744bf99760fb26411d9b1911bf4142e42004
stripe.csv,4e340ed72d4437a31e2a71ad67f24d82ed26f4f83e2bf855a94d4322dbd2a49d
subscribed_subreddits.csv,a06bd6122bc993c044c2cee4c9f0932a4963a806fc6fdaeed4c46d619f5e7304
twitter.csv,4e9a58383b7ef4d843980b91d4f0d8b4c859c02d249d9b549ada6c94904e3129
user_preferences.csv,8f579ec5b4460a4c1d289442c4ad26012f572999675c8ff662ac137baf40eeb8
