date,ip
registration ip,36.72.197.184
2024-04-05 01:19:15 UTC,103.168.190.10
2024-04-05 02:40:57 UTC,104.28.236.80
2024-04-05 08:04:44 UTC,103.168.190.10
2024-04-06 09:30:11 UTC,118.99.81.23
2024-04-06 10:39:12 UTC,118.99.81.23
2024-04-13 05:03:39 UTC,104.28.204.79
2024-04-13 05:06:14 UTC,2a09:bac5:3a00:1cc8::2de:1
2024-06-11 22:29:59 UTC,45.248.78.9
2024-06-12 16:58:12 UTC,103.186.35.98
2024-06-12 16:59:43 UTC,103.186.35.98
2024-06-12 17:03:32 UTC,45.248.78.9
2024-06-12 17:24:47 UTC,185.219.141.154
